"id","active","address","balance","dob","email","first_name","gender","last_name","user_password","profile_img","registered_date","telephone_num","username"
1,true,"418 Katie Court",10000.00,1972-01-15,pcours0@buzzfeed.com,Pepito,Male,Cours,SlFsVmVK,https://images.pexels.com/photos/220453/pexels-photo-220453.jpeg?auto=compress&cs=tinysrgb&w=1260&h=750&dpr=1,2001-03-04,"277-432-4462",pepitocours
2,true,"49 Vidon Place",10000.00,1971-06-10,mlongforth1@china.com.cn,Mala,Female,Longforth,RGJFYlBwRg==,https://images.pexels.com/photos/415829/pexels-photo-415829.jpeg?auto=compress&cs=tinysrgb&w=1260&h=750&dpr=1,2000-05-13,"659-648-8888",malalongforth
3,true,"3 Kenwood Trail",10000.00,1969-01-27,braspin2@state.tx.us,Benjamin,Male,Raspin,b2k3dTVnRmhKaHJZ,https://as2.ftcdn.net/v2/jpg/03/64/21/11/1000_F_364211147_1qgLVxv1Tcq0Ohz3FawUfrtONzz8nq3e.jpg,2002-11-22,"134-274-3255",benjaminraspin
4,true,"927 Armistice Point",10000.00,1977-09-16,emccaughan3@tiny.cc,Eleanora,Female,Mc Caughan,MEk0WngzaVU=,https://images.pexels.com/photos/634021/pexels-photo-634021.jpeg?auto=compress&cs=tinysrgb&w=1260&h=750&dpr=1,2000-01-19,"925-879-8502",eleanoracaughan
5,true,"104 Dexter Point",10000.00,1932-09-30,crawes4@ucsd.edu,Cross,Male,Rawes,MEk0WngzaVU=,https://images.pexels.com/photos/2589653/pexels-photo-2589653.jpeg?auto=compress&cs=tinysrgb&w=1260&h=750&dpr=1,2003-07-11,"326-298-1898",crossrawes
6,true,"472 Russell Drive",10000.00,1993-02-27,ablaylock5@phpbb.com,Addison,Male,Blaylock,eVlySHo5,https://images.pexels.com/photos/428361/pexels-photo-428361.jpeg?auto=compress&cs=tinysrgb&w=1260&h=750&dpr=1,2001-08-03,"668-215-6778",addisonblaylock
7,true,"2120 Washington Court",10000.00,1985-06-15,bpocknoll6@typepad.com,Benton,Male,Pocknoll,dWR2YXZwNkg=,https://images.pexels.com/photos/1462980/pexels-photo-1462980.jpeg?auto=compress&cs=tinysrgb&w=1260&h=750&dpr=1,2002-10-30,"520-164-6847",bentonpocknoll
8,true,"6635 Buell Crossing",10000.00,1931-07-26,fkirtland7@furl.net,Faunie,Female,Kirtland,dlVJQzQ0YXhIdQ==,https://images.pexels.com/photos/774909/pexels-photo-774909.jpeg?auto=compress&cs=tinysrgb&w=1260&h=750&dpr=1,2004-02-19,"627-957-7220",fauniekirtland
9,true,"85432 Stephen Alley",10000.00,1959-09-11,mromei8@moonfruit.com,Marie-jeanne,Female,Romei,Nm1ncEhSU2JlQXE=,https://images.pexels.com/photos/1858175/pexels-photo-1858175.jpeg?auto=compress&cs=tinysrgb&w=600&lazy=load,2000-05-15,"286-211-0645",mariejeanneromei
10,true,"517 Pawling Center",10000.00,1974-07-02,ransteys9@ucoz.com,Reynard,Male,Ansteys,dTdZa2dVT2M=,https://images.pexels.com/photos/3785079/pexels-photo-3785079.jpeg?auto=compress&cs=tinysrgb&w=1260&h=750&dpr=1,2002-12-03,"792-341-0273",reynardansteys
11,true,"13 Meadow Ridge Junction",10000.00,1942-03-13,elimeburna@moonfruit.com,Emily,Female,Limeburn,aXZ4a1ljeDJL,https://images.pexels.com/photos/3958866/pexels-photo-3958866.jpeg?auto=compress&cs=tinysrgb&w=600&lazy=load,2001-08-27,"222-686-0489",emilylimeburn
12,true,"021 Glacier Hill Terrace",10000.00,1937-07-02,wlillgardb@chronoengine.com,Wylma,Female,Lillgard,Mk1ESlUwWUY5MmJC,https://images.pexels.com/photos/4992382/pexels-photo-4992382.jpeg?auto=compress&cs=tinysrgb&w=600&lazy=load,2005-07-14,"802-409-4899",wylmalillgard
13,true,"590 Everett Street",10000.00,1970-08-13,dtollfreec@sciencedaily.com,Dee,Female,Tollfree,xnQFiVQRxV,https://images.pexels.com/photos/1860368/pexels-photo-1860368.jpeg?auto=compress&cs=tinysrgb&w=600&lazy=load,2004-06-16,"713-202-6315",deetollfree
14,true,"38 Basil Avenue",10000.00,1993-12-01,sballind@digg.com,Susie,Female,Ballin,eG5RRmlWUVJ4Vg==,https://images.pexels.com/photos/6950769/pexels-photo-6950769.jpeg?auto=compress&cs=tinysrgb&w=600&lazy=load,2003-09-24,"297-923-0089",susieballin
15,true,"21683 Lindbergh Court",10000.00,1931-11-27,wlaynee@state.gov,Wilmette,Female,Layne,frxSR0,https://images.pexels.com/photos/1914877/pexels-photo-1914877.jpeg?auto=compress&cs=tinysrgb&w=600&lazy=load,1999-04-05,"875-113-6511",wilmettelayne
16,true,"78 Manitowish Circle",10000.00,1949-11-29,fwinsparf@redcross.org,Felicle,Female,Winspar,ZnJ4U1Iw,https://media.istockphoto.com/id/1370426275/photo/portrait-of-middle-aged-woman-with-ginger-hair.jpg?s=612x612&w=0&k=20&c=gdEulh7b2F0_1xFuJeoD7bEoiw2oaxZ_9VRw21j5MUI=,2011-03-19,"751-934-5761",feliclewinspar
17,true,"2132 Vahlen Circle",10000.00,1986-10-09,efeastg@instagram.com,Eldridge,Male,Feast,zrImlZkT,https://images.pexels.com/photos/34534/people-peoples-homeless-male.jpg?auto=compress&cs=tinysrgb&w=1260&h=750&dpr=1,2010-10-10,"543-471-8206",eldridgefeast
18,true,"5387 Charing Cross Point",10000.00,1954-04-15,eofieldh@cocolog-nifty.com,Edy,Female,Ofield,enJJbWxaa1Q=,https://images.pexels.com/photos/4116988/pexels-photo-4116988.jpeg?auto=compress&cs=tinysrgb&w=600&lazy=load,2012-05-04,"592-216-7132",edyofield
19,true,"74 Blackbird Center",10000.00,1999-02-28,mminghellai@nhs.uk,Morton,Male,Minghella,MUtweklE,https://images.pexels.com/photos/810775/pexels-photo-810775.jpeg?auto=compress&cs=tinysrgb&w=1260&h=750&dpr=1,2015-08-28,"222-241-1513",mortonminghella
20,true,"4 Porter Junction",10000.00,1962-10-19,lmooneyj@vistaprint.com,Laurence,Male,Mooney,"8116Oifsp2Ll",https://images.pexels.com/photos/1451162/pexels-photo-1451162.jpeg?auto=compress&cs=tinysrgb&w=600&lazy=load,2011-01-29,"203-843-3920",laurencemooney
21,true,"77 Ridgeview Crossing",10000.00,1987-04-10,mkowalskik@quantcast.com,Myrna,Female,Kowalski,ODExNk9pZnNwMkxs,https://images.pexels.com/photos/5951543/pexels-photo-5951543.jpeg?auto=compress&cs=tinysrgb&w=600&lazy=load,2016-05-21,"229-955-0371",myrnakowalski
22,true,"56972 Karstens Avenue",10000.00,1973-06-05,ymacdearmontl@theguardian.com,Yolanthe,Female,MacDearmont,ioYDxV,https://images.pexels.com/photos/3764119/pexels-photo-3764119.jpeg?auto=compress&cs=tinysrgb&w=1260&h=750&dpr=1,2012-12-25,"657-643-1026",yolanthemacdearmont
23,true,"72 Melby Court",10000.00,1959-08-13,fferrillom@histats.com,Finn,Male,Ferrillo,aW9ZRHhW,https://images.pexels.com/photos/947639/pexels-photo-947639.jpeg?auto=compress&cs=tinysrgb&w=1260&h=750&dpr=1,2013-04-19,"647-489-2623",finnferrillo
24,true,"37 Carioca Alley",10000.00,1935-12-06,ncrisfordn@com.com,Nelia,Female,Crisford,WjRVUXdHUmRL,https://images.pexels.com/photos/2761798/pexels-photo-2761798.jpeg?auto=compress&cs=tinysrgb&w=600&lazy=load,2015-07-27,"454-496-2875",neliacrisford
25,true,"69 Hang Chuoi",10000.00,1995-12-09,hoangvu@gmail.com,Hoang,Male,Vu,MTIzNDU2Nzg5,,2023-03-13,"045678912",hoangvu
